"","Response_veg","AIC_freq","AIC_rooting"
"1","Sp_richness","140.988346567741","138.220559685796"
"2","Dry_grassland_Sp_richness","85.6566109845816","85.9460843218859"
"3","Neophyt_Sp_richness","81.3037226228857","81.3811361031846"
"4","RL_Sp_richness","85.8675081158927","85.2900171486252"
"5","Div_simpson","-24.3698109184613","-30.2775780180652"
"6","Proportion_Dry_Grassland_Spec","40.1812785175186","39.4832881597028"
"7","Proportion_Neobiota","17.8527289786403","17.8524242095676"
"8","Proportion_Rl_b_123GV","17.6955431515473","17.5851960757358"
